user_id;user_role_id
83c8e93c-48d8-4093-a9db-455b849f5b2f;fe2acbfe-1eec-4700-a017-cced8c9c6cd8
d48ff3ef-284b-4a13-9f2f-5293c6faee48;f1098132-a8a3-4f43-b7b5-d769d909b374
1236c964-2ca7-4231-acd7-2d01f929d607;f1098132-a8a3-4f43-b7b5-d769d909b374
be76c10c-15e1-4e6d-9a46-0a996d7a9f63;f1098132-a8a3-4f43-b7b5-d769d909b374
d3ff33c7-c03c-4c1b-818b-f119c2a2ca94;0cb86214-f815-4238-a3cd-572306832a1d
cafc5da9-8b6c-4413-8c39-ffd1c982f2ee;0cb86214-f815-4238-a3cd-572306832a1d
96c703f0-d270-4e61-bf01-66e8077dfdec;d1931edd-f5bb-4366-b3cf-906988c83eeb
6005f237-913a-4549-b5fd-8d4594dc0344;d1931edd-f5bb-4366-b3cf-906988c83eeb
18eaf5e7-3d93-4588-a310-f162351d6bdd;d1931edd-f5bb-4366-b3cf-906988c83eeb
45ad83a4-5220-4e62-a8e7-36143c77da61;d1931edd-f5bb-4366-b3cf-906988c83eeb
a2812cd1-2c6a-4759-a9cd-a3a57accb2c8;d1931edd-f5bb-4366-b3cf-906988c83eeb
392223c5-7dd6-4d1a-b355-d5cf0ac27256;d1931edd-f5bb-4366-b3cf-906988c83eeb
e524949e-c49d-4402-bee4-8866ed732981;d1931edd-f5bb-4366-b3cf-906988c83eeb
8b6e2eb5-48d0-4b4f-8d34-f6c3293139a3;d1931edd-f5bb-4366-b3cf-906988c83eeb

